first_name,last_name,school,position,height,weight,40time,bench,vert,broad,shuttle,3cone
Mitchell,Trubisky,North Carolina,QB,74,222,4.67,,27.5,115,4.25,6.87
Deshaun,Watson,Clemson,QB,74,221,4.66,,32.5,117,4.31,6.95
DeShone,Kizer,Notre Dame,QB,76,233,4.83,,30.5,105,4.53,7.4
Patrick,Mahomes,Texas Tech,QB,74,225,4.8,,30.0,113,4.08,6.88
Davis,Webb,California,QB,77,229,4.79,,33.0,116,4.21,6.92
Nathan,Peterman,Pittsburgh,QB,74,226,4.82,,31.0,110,4.31,7.14
Brad,Kaaya,Miami (FL),QB,76,214,4.84,,,,,
Joshua,Dobbs,Tennessee,QB,75,216,4.64,,33.0,122,4.31,6.75
C.J.,Beathard,Iowa,QB,74,219,4.92,,31.0,112,,
Chad,Kelly,Mississippi,QB,74,228,4.76,,,,,
Alek,Torgersen,Pennsylvania,QB,74,218,4.91,,,,,
Jerod,Evans,Virginia Tech,QB,75,232,4.8,,26.5,111,4.41,
Seth,Russell,Baylor,QB,75,213,4.67,,,,,
Cooper,Rush,Central Michigan,QB,75,228,4.93,,27.0,104,4.47,7.23
Trevor,Knight,Texas AM,QB,73,219,4.54,,35.5,124,4.14,7.04
Sefo,Liufau,Colorado,QB,75,232,5.08,,27.0,104,4.45,7.32
Bart,Houston,Wisconsin,QB,75,234,5.12,,,,,
Taysom,Hill,Brigham Young,QB,74,230,4.46,,,,,
Jeremy,Johnson,Auburn,QB,76,232,4.75,,,,,
Wes,Lunt,Illinois,QB,76,222,4.87,,,,,
Ryan,Higgins,Louisiana Tech,QB,73,211,4.74,,,,,
Patrick,Towles,Boston College,QB,77,241,4.6,,,,,
Mitch,Leidner,Minnesota,QB,75,226,4.93,,34.5,123,4.25,6.96
Zach,Terrell,Western Michigan,QB,73,212,5.02,,,,,
Dane,Evans,Tulsa,QB,72,210,5.05,,,,,
Gunner,Kiel,Cincinnati,QB,75,211,4.84,,,,,
Austin,Appleby,Florida,QB,76,230,4.86,,,,,
Antonio,Pipkin,Tiffin,QB,73,225,4.66,,,,,
Brady,Gustafson,Montana,QB,78,230,5.04,,,,,
Eli,Jenkins,Jacksonville State,QB,73,208,4.72,,,,,
Garrett,Fugate,Central Missouri,QB,74,210,4.69,,,,,
Phillip,Walker,Temple,QB,71,214,4.74,,,,,
Philip,Nelson,East Carolina,QB,73,203,4.8,,,,,
Kyle,Sloter,Northern Colorado,QB,77,211,4.79,,,,,
Mike,Fafaul,UCLA,QB,74,213,4.89,,,,,
Skyler,Howard,West Virginia,QB,71,208,4.64,,,,,
Jeff,Kidd,Long Island-Post,QB,75,225,4.91,,,,,
Sean,Maguire,Florida State,QB,74,219,5.24,,,,,
Dillon,Buechel,Duquesne,QB,75,211,4.96,,,,,
Nick,Mullens,Southern Miss,QB,73,214,4.9,,,,,
Perry,Hills,Maryland,QB,74,209,4.69,,,,,
Tyler,OConnor,Michigan State,QB,75,218,4.92,,,,,
Austin,Apodaca,New Mexico,QB,74,214,4.74,,,,,
Justin,Holman,Central Florida,QB,76,215,4.71,,,,,
Trenton,Norvell,Western Illinois,QB,76,222,4.92,,,,,
Matt,Davis,Southern Methodist,QB,71,212,4.67,,,,,
Tyler,Ferguson,Western Kentucky,QB,75,224,5.11,,,,,
Jack,Nelson,Winona State,QB,76,237,4.85,,,,,
Josh,Straughan,Southern Illinois,QB,74,211,4.91,,,,,
Michael,Birdsong,Tennessee Tech,QB,76,241,4.97,,,,,
Leonard,Fournette,LSU,RB,72,240,4.51,,28.5,,,
Christian,McCaffrey,Stanford,RB,71,202,4.48,10,37.5,121,4.22,6.57
Dalvin,Cook,Florida State,RB,70,210,4.49,22,30.5,116,4.53,7.27
Alvin,Kamara,Tennessee,RB,70,214,4.56,15,39.5,131,,
Joe,Mixon,Oklahoma,RB,73,228,4.45,,,,,
Samaje,Perine,Oklahoma,RB,71,233,4.65,30,33.0,116,4.37,7.26
Kareem,Hunt,Toledo,RB,70,216,4.62,18,36.5,119,,
DOnta,Foreman,Texas,RB,72,233,4.46,18,,,,
Marlon,Mack,South Florida,RB,71,213,4.5,15,35.5,125,,
Wayne,Gallman,Clemson,RB,72,215,4.6,21,29.5,120,4.28,7.17
Jamaal,Williams,Brigham Young,RB,72,212,4.59,,30.0,123,4.53,7.25
Brian,Hill,Wyoming,RB,73,219,4.54,15,34.0,125,4.32,7.03
Jeremy,McNichols,Boise State,RB,69,214,4.49,,35.5,121,4.28,6.93
Donnel,Pumphrey,San Diego State,RB,68,176,4.48,5,33.5,117,,
James,Conner,Pittsburgh,RB,73,233,4.65,20,29.0,113,,
Matthew,Dayes,North Carolina State,RB,69,205,4.66,18,28.0,109,,
DeAngelo,Henderson,Coastal Carolina,RB,67,208,4.48,20,34.0,120,,
Corey,Clement,Wisconsin,RB,70,220,4.68,19,28.5,115,,
T.J.,Logan,North Carolina,RB,69,196,4.37,17,33.5,121,,
Elijah,McGuire,Louisiana,RB,70,214,4.53,15,36.0,120,4.56,7.26
Tarik,Cohen,North Carolina AT,RB,66,179,4.42,11,31.5,118,,
Joe,Williams,Utah,RB,71,210,4.41,14,35.0,125,4.19,7.19
ITavius,Mathers,Middle Tennessee,RB,71,203,4.46,,,,,
Justin,Davis,Southern California,RB,73,208,4.53,21,,,,
Aaron,Jones,Texas-El Paso,RB,69,208,4.56,16,37.5,127,4.2,6.82
DeVeon,Smith,Michigan,RB,71,223,4.85,22,29.0,108,4.56,7.3
Chris,Carson,Oklahoma State,RB,72,218,4.58,23,37.0,130,,
Dare,Ogunbowale,Wisconsin,RB,71,213,4.65,14,35.0,120,4.34,6.99
Elijah,Hood,North Carolina,RB,72,232,4.57,18,,,,
Taquan,Mizzell,Virginia,RB,70,197,4.55,,,,,
William,Stanback,Virginia Union,RB,72,233,4.55,,,,,
Joseph,Yearby,Miami (FL),RB,69,185,4.67,,,,,
Teriyon,Gipson,New Mexico,RB,68,187,4.46,,,,,
Trey,Edmunds,Maryland,RB,73,223,4.48,,,,,
Stanley,Williams,Kentucky,RB,67,190,4.51,18,36.0,121,4.18,6.86
Matt,Breida,Georgia Southern,RB,69,195,4.39,,,,,
Jahad,Thomas,Temple,RB,70,190,4.62,11,32.0,116,,
LeShun,Daniels,Iowa,RB,71,222,4.57,,,,,
Anthony,Wales,Western Kentucky,RB,69,197,4.51,,,,,
Devine,Redding,Indiana,RB,68,205,4.76,16,30.5,116,4.46,7.18
Tarean,Folston,Notre Dame,RB,69,199,4.76,,,,,
DeShawn,Jones,Campbell,RB,71,203,4.54,,,,,
Brionte,Dunn,Ohio State,RB,72,214,4.49,,,,,
Justin,Thomas,Georgia Tech,RB,69,186,4.35,,,,,
Brandon,Radcliff,Louisville,RB,69,206,4.55,,,,,
Khalfani,Muhammad,California,RB,67,170,4.38,,,,,
Devante,Mays,Utah State,RB,70,230,4.52,,,,,
Jakhari,Gore,Marian,RB,69,186,4.48,,,,,
Jonah,Hodges,San Diego,RB,69,190,4.54,,,,,
Marcus,Cox,Appalachian State,RB,70,211,4.65,,,,,
Sam,Rogers,Virginia Tech,FB,70,231,4.93,19,32.0,114,4.34,7.27
Freddie,Stevenson,Florida State,FB,72,234,4.75,24,28.0,111,4.45,7.65
Prescott,Line,Michigan State,FB,71,246,4.96,,,,,
Marquez,Williams,Miami (FL),FB,70,259,4.73,,,,,
Anthony,Firkser,Harvard,FB,74,246,4.82,,,,,
Emanuel,Byrd,Marshall,FB,74,239,4.66,,,,,
Algernon,Brown,Brigham Young,FB,72,235,4.63,,,,,
Shane,Smith,San Jose State,FB,73,244,4.81,,,,,
Tyler,Renew,Citadel,FB,71,233,4.66,,,,,
Kody,Walker,Arkansas,FB,72,232,4.88,,,,,
Emmanuel,Holder,Towson,FB,71,249,4.99,,,,,
Chad,Newell,Montana State,FB,73,215,4.76,,,,,
Dakota,Ball,Alabama,FB,74,271,5.16,,,,,
Danny,Nwosu,Colorado State,FB,75,245,4.82,,,,,
Michael,Zunica,Kansas,FB,71,237,4.93,,,,,
Keith,Rucker,Georgia State,FB,74,241,4.79,,,,,
Darrin,Laufasa,Texas-El Paso,FB,73,235,4.81,,,,,
Trent,Cowan,Idaho,FB,74,224,4.87,,,,,
Joe,Bacci,Central Michigan,FB,74,240,4.73,,,,,
Tyler,McCloskey,Houston,FB,73,237,4.91,,,,,
Quinn,Zamora,Northern Colorado,FB,71,219,4.89,,,,,
Aaron,Peck,Fresno State,FB,74,239,4.68,,,,,
Dreon,Johnson,Towson,FB,70,237,4.99,,,,,
Maximo,Espitia,Portland State,FB,74,239,4.87,,,,,
Kendall,Couamin,Liberty,FB,73,250,4.97,,,,,
Jarred,Gipson,Nevada,FB,72,239,4.81,,,,,
John,Robinson-Woodgett,Massachusetts,FB,73,248,4.79,,,,,
Deon,Hutchinson,Sam Houston State,FB,72,265,5.01,,,,,
Jaymar,Parrish,Pittsburgh,FB,73,273,4.98,,,,,
EJ,Junior,Tennessee State,FB,72,234,4.96,,,,,
Max,Betkowski,Cal Poly,FB,75,249,4.67,,,,,
Trey,Foster,Nebraska,FB,74,245,4.88,,,,,
Juwaan,Rogers,Southeastern Louisiana,FB,71,240,5.11,,,,,
Kenneth,Goins,Maryland,FB,69,217,4.69,,,,,
Tim,Cook,Oregon State,FB,72,242,4.64,,,,,
Deon,Watson,Idaho,FB,75,222,4.73,,,,,
Kody,Kohl,Arizona State,FB,74,243,4.71,,,,,
Ricky,Ortiz,Oregon State,FB,73,230,4.9,,,,,
Tyler,Scalzi,Texas Tech,FB,75,239,4.84,,,,,
Andrew,Stefanelli,Maryland,FB,69,229,5.16,,,,,
Grant,Radakovich,Clemson,FB,73,254,5.08,,,,,
Connor,Cella,Rice,FB,74,248,4.91,,,,,
Brendan,Douglas,Georgia,FB,70,220,4.73,,,,,
Dondre,Brown,South Carolina State,FB,72,242,4.88,,,,,
Kenny,Johnston,Florida Tech,FB,75,226,4.87,,,,,
Lamar,Atkins,Louisville,FB,71,236,4.8,,,,,
Tanner,Fink,Kentucky,FB,73,240,4.84,,,,,
Marcus,McGill,Buffalo,FB,73,241,4.79,,,,,
Jordan,Ellis,Wyoming,FB,73,245,4.85,,,,,
Shawn,White,Navy,FB,71,264,5.1,,,,,
O.J.,Howard,Alabama,TE,78,251,4.51,22,30.0,121,4.16,6.85
David,Njoku,Miami (FL),TE,76,246,4.64,21,37.5,133,4.34,6.97
Evan,Engram,Mississippi,TE,75,234,4.42,19,36.0,124,4.23,6.92
Adam,Shaheen,Ashland,TE,78,278,4.79,24,32.5,121,4.38,7.09
Gerald,Everett,South Alabama,TE,75,239,4.62,22,37.5,125,4.33,6.99
Jake,Butt,Michigan,TE,77,246,4.74,,,,,
Jordan,Leggett,Clemson,TE,77,258,4.71,,33.0,113,4.33,7.12
George,Kittle,Iowa,TE,76,247,4.52,18,35.0,132,,
Bucky,Hodges,Virginia Tech,TE,78,257,4.57,18,39.0,134,4.45,
Jonnu,Smith,Florida International,TE,75,248,4.62,22,38.0,126,4.18,
Jeremy,Sprinkle,Arkansas,TE,77,252,4.69,,29.0,115,,
Cole,Hikutini,Louisville,TE,76,247,4.85,20,,,,
Eric,Saubert,Drake,TE,77,253,4.69,22,33.0,121,,
Michael,Roberts,Toledo,TE,76,270,4.86,,30.0,110,4.51,7.05
Jason,Croom,Tennessee,TE,76,252,4.69,,,,,
Cethan,Carter,Nebraska,TE,75,241,4.68,19,,,,
Blake,Jarwin,Oklahoma State,TE,77,246,4.73,,,,,
Billy,Brown,Shepherd,TE,75,254,4.7,23,29.0,116,,
Ricky,Seals-Jones,Texas AM,TE,77,243,4.69,17,28.0,121,4.33,7.46
Jacob,Hollister,Wyoming,TE,76,239,4.64,,,,,
Pharaoh,Brown,Oregon,TE,78,255,4.83,24,34.0,,,
Brandon,Barnes,Alabama State,TE,77,255,4.72,,,,,
Keith,Towbridge,Louisville,TE,76,262,4.72,,,,,
Nate,Iese,UCLA,TE,75,252,4.97,,,,,
Darrell,Daniels,Washington,TE,75,247,4.55,17,32.0,115,4.47,7.09
Josiah,Price,Michigan State,TE,76,249,4.89,,,,,
Phazahn,Odom,Fordham,TE,80,251,4.79,,,,,
Johnny,Mundt,Oregon,TE,76,243,4.74,,,,,
Scott,Orndoff,Pittsburgh,TE,77,253,4.84,17,27.0,111,4.45,7.37
Steven,Wroblewski,Southern Utah,TE,79,252,4.64,,,,,
Jake,Maulhardt,Wyoming,TE,77,241,4.71,,,,,
Jonathan,Dorsey,Alabama AM,TE,78,234,4.63,,,,,
Hayden,Plinke,Texas-El Paso,TE,76,264,4.97,18,28.0,109,4.59,7.55
Mason,Schreck,Buffalo,TE,76,253,4.76,,,,,
Andy,Avgi,Western Oregon,TE,77,263,4.83,,,,,
Taylor,McNamara,Southern California,TE,76,252,4.78,,,,,
Antony,Auclair,Laval,TE,77,256,4.9,,,,,
Billy,Freeman,San Jose State,TE,75,236,4.74,,,,,
Sean,Culkin,Missouri,TE,77,255,4.71,,,,,
Derrick,Griffin,Texas Southern,TE,78,248,4.82,,,,,
Standish,Dobard,Miami (FL),TE,75,254,4.73,,,,,
Colin,Jeter,LSU,TE,78,251,4.77,,,,,
Zach,Conque,Stephen F. Austin,TE,77,232,4.59,,,,,
Romond,Deloatch,Temple,TE,76,231,4.77,,,,,
Wyatt,Houston,Utah State,TE,76,250,4.82,,,,,
Colin,Thompson,Temple,TE,76,254,5.01,,,,,
Jamal,Lyles,Michigan State,TE,75,246,4.81,,,,,
Tyrone,Swoopes,Texas,TE,76,246,4.75,,,,,
Barrett,Burns,Appalachian State,TE,75,249,4.99,,,,,
Evan,Baylis,Oregon,TE,77,244,4.87,,,,,
Corey,Davis,Western Michigan,WR,75,209,4.48,,,,,
John,Ross,Washington,WR,71,188,4.22,,37.0,133,,
Mike,Williams,Clemson,WR,76,218,4.54,15,32.5,121,,
Curtis,Samuel,Ohio State,WR,71,196,4.31,18,37.0,117,4.33,7.09
Chris,Godwin,Penn State,WR,73,209,4.42,19,36.0,125,4.0,7.01
Zay,Jones,East Carolina,WR,74,201,4.45,15,36.5,133,4.01,6.79
ArDarius,Stewart,Alabama,WR,71,204,4.49,,34.0,123,,
Cooper,Kupp,Eastern Washington,WR,74,204,4.62,,31.0,115,4.08,6.75
JuJu,Smith-Schuster,Southern California,WR,73,215,4.54,15,32.5,120,,
Amara,Darboh,Michigan,WR,74,214,4.45,17,36.0,123,,
Chad,Hansen,California,WR,74,202,4.53,11,35.0,117,4.13,6.74
Josh,Malone,Tennessee,WR,75,208,4.4,10,30.5,121,4.19,7.05
Carlos,Henderson,Louisiana Tech,WR,71,199,4.46,13,36.0,129,4.35,7.18
Taywan,Taylor,Western Kentucky,WR,71,203,4.5,13,33.5,132,4.21,6.57
Dede,Westbrook,Oklahoma,WR,72,178,4.39,,,,,
Shelton,Gibson,West Virginia,WR,71,191,4.5,8,32.0,116,4.2,6.83
Josh,Reynolds,Texas AM,WR,75,194,4.52,,37.0,123,4.13,6.83
Mack,Hollins,North Carolina,WR,76,221,4.53,,,,,
KD,Cannon,Baylor,WR,71,182,4.41,13,37.0,117,,
Isaiah,Ford,Virginia Tech,WR,73,194,4.61,14,35.5,126,4.34,6.94
Kenny,Golladay,Northern Illinois,WR,76,218,4.5,18,35.5,120,4.15,7.0
Malachi,Dupre,LSU,WR,74,196,4.52,11,39.5,135,4.26,7.19
Isaiah,McKenzie,Georgia,WR,67,173,4.42,11,36.0,123,4.15,6.64
Ryan,Switzer,North Carolina,WR,68,181,4.51,11,32.0,115,4.0,6.77
Ishmael,Zamora,Baylor,WR,75,224,4.53,,,,,
Chad,Williams,Grambling State,WR,72,207,4.43,,,,,
Noah,Brown,Ohio State,WR,74,222,4.56,19,,,4.33,7.07
Stacy,Coley,Miami (FL),WR,73,195,4.45,10,34.0,122,,
Robert,Davis,Georgia State,WR,75,219,4.44,19,41.0,135,4.28,6.82
Travis,Rudolph,Florida State,WR,72,189,4.65,12,31.5,113,4.46,6.93
Amba,Etta-Tawo,Syracuse,WR,73,208,4.49,14,31.0,125,4.32,6.95
Rodney,Adams,South Florida,WR,73,189,4.44,8,29.5,124,4.28,6.98
Artavis,Scott,Clemson,WR,70,193,4.61,13,31.0,115,4.49,7.19
Damoreea,Stringfellow,Mississippi,WR,74,218,4.62,,,,,
Michael,Rector,Stanford,WR,72,193,4.42,,36.5,128,4.19,6.77
Jehu,Chesson,Michigan,WR,75,204,4.47,10,35.5,132,4.09,6.7
Quincy,Adeboyejo,Mississippi,WR,75,197,4.42,8,34.5,123,4.14,6.73
DeAngelo,Yancey,Purdue,WR,74,220,4.53,,,,,
Tim,Patrick,Utah,WR,76,208,4.47,,,,,
Travin,Dural,LSU,WR,73,202,4.57,,30.5,115,4.55,7.29
Jamari,Staples,Louisville,WR,75,195,4.51,,36.0,128,,
Fred,Ross,Mississippi State,WR,73,213,4.51,10,35.0,112,4.28,6.99
Robert,Tonyan,Indiana State,WR,77,236,4.58,,,,,
Trent,Taylor,Louisiana Tech,WR,68,181,4.63,13,33.0,116,4.01,6.74
Keevan,Lucas,Tulsa,WR,69,192,4.55,11,32.5,117,4.43,7.23
Krishawn,Hogan,Marian,WR,75,222,4.56,13,36.5,123,4.21,6.74
Bug,Howard,North Carolina,WR,76,221,4.58,,37.5,117,4.14,6.95
Austin,Carr,Northwestern,WR,72,202,4.62,,,,,
Kenneth,Walker,UCLA,WR,69,188,4.3,,,,,
Francis,Owusu,Stanford,WR,74,221,4.37,,,,,
Pat,Elflein,Ohio State,C,75,303,5.32,22,23.5,99,4.71,7.94
Ethan,Pocic,LSU,C,78,310,5.15,26,27.0,107,4.81,7.89
Tyler,Orlosky,West Virginia,C,75,298,5.39,24,,,,
Kyle,Fuller,Baylor,C,77,307,5.24,23,26.0,96,4.84,7.71
Cameron,Tom,Southern Miss,C,75,291,4.89,,,,,
Jon,Toth,Kentucky,C,77,307,5.51,21,25.5,100,4.84,8.09
Brandon,Kublanow,Georgia,C,74,300,5.27,,,,,
Cam,Keizur,Portland State,C,75,303,5.13,,,,,
Michael,Coe,North Dakota,C,73,309,5.4,,,,,
Chase,Roullier,Wyoming,C,76,312,5.54,19,26.5,97,4.47,7.6
Max,Halpin,Western Kentucky,C,75,300,5.35,,,,,
Jay,Guillermo,Clemson,C,75,298,5.48,,,,,
Deyshawn,Bond,Cincinnati,C,73,300,5.23,,,,,
Brian,Gaia,Penn State,C,74,292,5.17,,,,,
Freddie,Burden,Georgia Tech,C,75,302,5.17,,,,,
Tobijah,Hughley,Louisville,C,73,304,5.64,,,,,
Lucas,Crowley,North Carolina,C,74,294,5.38,,,,,
Xavier,Dampeer,Auburn,C,75,308,5.16,,,,,
Mark,Spelman,Illinois State,C,74,299,5.28,,,,,
Anthony,McMeans,New Mexico State,C,73,316,5.74,,,,,
Alex,Kelley,Colorado,C,74,327,5.49,,,,,
Jamaal,Clayborn,Mississippi State,C,76,316,5.64,,,,,
Joe,Scelfo,North Carolina State,C,72,293,5.32,,,,,
Gavin,Andrews,Oregon State,C,77,334,5.43,,,,,
Austin,Stephens,Utah State,C,75,309,5.21,,,,,
Eddie,Gordon,Louisiana,C,73,310,5.07,,,,,
Aaron,Cox,Grand Valley State,C,76,300,5.16,,,,,
Riley,Sorenson,Washington State,C,76,327,5.73,,,,,
Michael,Selby,Marshall,C,73,295,5.49,,,,,
Derrick,Nelson,Rutgers,C,75,298,5.44,,,,,
Joe,Spencer,Illinois,C,74,289,5.5,,,,,
Michael,Wilson,Oklahoma State,C,78,295,5.29,,,,,
Andy,Kwon,Georgia Southern,C,73,295,5.57,,,,,
Parker,Dawe,Brigham Young,C,74,298,5.22,,,,,
Barrett,Gouger,Vanderbilt,C,76,309,5.23,,,,,
Dylan,Utter,Nebraska,C,74,298,5.39,,,,,
Michael,Montero,Florida International,C,73,299,5.48,,,,,
Dillon,DeBoer,Florida Atlantic,C,77,302,5.35,,,,,
Joseph,Brunson,Louisiana Tech,C,76,311,5.64,,,,,
Will,Kreitler,UNLV,C,72,292,5.16,,,,,
Jacob,Vazquez,Fresno State,C,75,292,5.59,,,,,
Anthony,Pullins,Stephen F. Austin,C,73,310,5.46,,,,,
Nathan,Goltry,Nevada,C,72,307,5.5,,,,,
Joe,Loschiavo,Slippery Rock,C,75,312,5.51,,,,,
Steven,Matlock,Idaho,C,74,270,5.17,,,,,
Fabian,Hoeller,Massachusetts,C,74,291,5.5,,,,,
Marcus,Cook,Jackson State,C,73,323,5.68,,,,,
Kirby,Wixson,Louisiana Tech,C,75,315,5.38,,,,,
Kerry,Williams,Alabama State,C,73,316,5.63,,,,,
Max,Andrews,Maine,C,74,282,5.06,,,,,
Ryan,Ramczyk,Wisconsin,OT,78,310,5.29,25,,,,
Garett,Bolles,Utah,OT,77,297,4.95,,28.0,115,4.55,7.29
Cam,Robinson,Alabama,OT,78,322,5.15,,26.0,106,4.82,7.81
Dion,Dawkins,Temple,OT,76,314,5.11,26,26.0,106,4.78,7.3
Taylor,Moton,Western Michigan,OT,77,319,5.18,23,30.5,109,4.58,7.73
Antonio,Garcia,Troy,OT,78,302,5.15,24,31.0,108,4.94,7.98
Roderick,Johnson,Florida State,OT,79,298,4.9,,,,,
Julien,Davenport,Bucknell,OT,79,318,5.45,18,27.0,106,4.69,7.57
David,Sharpe,Florida,OT,78,343,5.44,19,20.5,97,4.78,7.87
Will,Holden,Vanderbilt,OT,79,311,5.47,23,28.0,111,4.72,7.71
J.J.,Dielman,Utah,OT,77,309,5.09,27,,,,
Chad,Wheeler,Southern California,OT,79,306,5.48,15,20.5,105,5.01,
Conor,McDermott,UCLA,OT,80,307,5.18,,28.5,105,4.58,7.52
Adam,Bisnowaty,Pittsburgh,OT,78,304,5.23,23,29.5,96,4.94,8.02
Erik,Magnuson,Michigan,OT,77,305,5.41,,,,,
Sam,Tevi,Utah,OT,77,311,5.27,15,26.0,107,4.6,7.84
Dan,Skipper,Arkansas,OT,82,309,5.42,,26.0,97,5.01,7.61
Andrew,Eide,Brigham Young,OT,77,302,5.2,,,,,
Dieugot,Joseph,Florida International,OT,78,293,5.21,,,,,
Kent,Perkins,Texas,OT,77,320,5.28,,,,,
Brad,Seaton,Villanova,OT,81,329,5.37,,,,,
Storm,Norton,Toledo,OT,79,307,5.12,,,,,
Jylan,Ware,Alabama State,OT,79,317,4.99,,,,,
Jerry,Ugokwe,William & Mary,OT,79,321,5.61,18,26.0,103,5.17,8.35
Taylor,Gadbois,Southeastern Louisiana,OT,79,315,4.94,,,,,
Levon,Myers,Northern Illinois,OT,77,309,5.41,,,,,
Max,Rich,Harvard,OT,79,311,5.12,,,,,
Adam,Pankey,West Virginia,OT,77,307,5.31,,,,,
Cole,Croston,Iowa,OT,77,314,5.29,,,,,
Darrell,Brown,Louisiana Tech,OT,77,317,5.2,,,,,
Justin,Senior,Mississippi State,OT,77,331,5.55,,23.0,98,5.06,8.19
Javarius,Leamon,South Carolina State,OT,79,332,5.39,22,23.5,,,
Richard,Levy,Connecticut,OT,77,313,5.22,,,,,
Darrell,Williams,Western Kentucky,OT,77,315,5.24,,,,,
Larson,Graham,Duquesne,OT,76,304,5.01,,,,,
Mason,Zandi,South Carolina,OT,81,309,5.2,,,,,
Michael,Dunn,Maryland,OT,77,300,5.28,,,,,
Daniel,Brunskill,San Diego State,OT,77,273,5.2,17,28.0,106,4.84,7.9
Jemar,Clark,Arkansas State,OT,77,300,5.28,,,,,
Andreas,Knappe,Connecticut,OT,80,311,5.17,,,,,
Jonah,Pirsig,Minnesota,OT,80,314,5.38,,,,,
Robert,Leff,Auburn,OT,77,302,5.2,,,,,
Mitchell,Kirsch,James Madison,OT,77,306,5.25,,,,,
Clint,Van,Marshall,OT,77,308,5.44,,,,,
Nick,Callender,Colorado State,OT,77,321,5.15,,,,,
Dustin,Stanton,Oregon State,OT,78,298,5.19,,,,,
Andrew,Lauderdale,New Hampshire,OT,78,300,4.9,,,,,
Steven,Moore,California,OT,78,303,5.31,,,,,
Nick,Fett,Iowa State,OT,79,312,5.4,,,,,
Christian,Schneider,California-Davis,OT,77,301,5.12,,,,,
Forrest,Lamp,Western Kentucky,OG,76,309,5.0,34,27.5,111,4.62,7.55
Dan,Feeney,Indiana,OG,76,305,5.24,26,28.0,101,4.68,7.52
Dorian,Johnson,Pittsburgh,OG,77,300,5.27,21,30.0,114,5.09,8.39
Isaac,Asiata,Utah,OG,75,323,5.34,35,25.5,102,4.93,7.83
Nico,Siragusa,San Diego State,OG,76,319,5.35,28,32.0,110,4.56,7.71
Danny,Isidora,Miami (FL),OG,75,306,5.03,26,29.0,94,4.9,8.13
Zach,Banner,Southern California,OG,80,353,5.58,22,23.5,92,5.21,8.31
Jessamen,Dunker,Tennessee State,OG,76,318,5.05,23,28.5,108,,
Jordan,Morgan,Kutztown,OG,75,309,5.36,21,27.0,102,4.73,8.13
Sean,Harlow,Oregon State,OG,76,303,5.15,26,30.5,105,4.81,8.16
Jermaine,Eluemunor,Texas AM,OG,76,332,5.28,34,,,,
Damien,Mama,Southern California,OG,75,334,5.84,,24.5,96,5.38,8.51
Erik,Austell,Charleston Southern,OG,75,301,5.23,24,27.5,107,4.9,8.13
Ben,Braden,Michigan,OG,78,329,5.04,25,28.0,102,4.9,7.85
Collin,Buchanan,Miami (OH),OG,77,316,5.39,23,25.0,97,,
Avery,Gennesy,Texas AM,OG,75,318,5.35,24,20.0,91,5.0,8.08
Aviante,Collins,Texas Christian,OG,76,295,4.81,34,,,,
Corey,Levin,Chattanooga,OG,76,307,5.16,26,26.5,106,4.73,7.55
Nate,Theaker,Wayne State (MI),OG,77,315,5.41,23,27.0,105,4.89,7.97
Cameron,Lee,Illinois State,OG,77,312,5.44,18,25.5,100,4.75,8.02
Kofi,Amichia,South Florida,OG,76,302,4.99,,,,,
Kyle,Kalis,Michigan,OG,76,306,5.52,,,,,
Tyler,Catalina,Georgia,OG,76,330,5.41,,,,,
Jordan,Roos,Purdue,OG,76,302,5.22,,,,,
Ethan,Cooper,Indiana (PA),OG,74,322,5.36,26,24.5,99,4.88,8.02
Victor,Salako,Oklahoma State,OG,78,316,5.47,,,,,
Jake,Eldrenkamp,Washington,OG,76,302,5.39,,,,,
Chris,Muller,Rutgers,OG,78,315,5.35,,,,,
Josh,Boutte,LSU,OG,76,351,5.27,,,,,
Greg,Pyke,Georgia,OG,77,330,5.28,,,,,
Jonathan,McLaughlin,Virginia Tech,OG,76,302,5.54,,,,,
Alex,Kozan,Auburn,OG,75,309,5.53,,,,,
Evan,Goodman,Arizona State,OG,75,288,5.27,,,,,
Thomas,Evans,Richmond,OG,75,305,5.15,,,,,
Bret,Treadway,Lamar (TX),OG,76,295,5.08,,,,,
Mario,Yakoo,Boise State,OG,76,312,5.42,,,,,
Parker,Collins,Appalachian State,OG,74,304,5.13,,,,,
Dylan,Wiesman,Tennessee,OG,76,309,5.06,,,,,
Zack,Johnson,North Dakota State,OG,76,346,5.59,,,,,
Kareem,Are,Florida State,OG,77,313,5.65,,,,,
Caleb,Peterson,North Carolina,OG,76,300,5.28,,,,,
Anton,Wahrby,Wofford,OG,75,300,5.29,,,,,
Eric,Smith,Virginia,OG,76,312,5.39,,,,,
Freddie,Tagaloa,Arizona,OG,78,307,5.3,,,,,
Zach,Voytek,New Haven,OG,76,313,5.41,,,,,
Fred,Zerblis,Colorado State,OG,74,302,5.56,,,,,
Jake,Simonich,Utah State,OG,77,296,5.2,,,,,
Jeremy,Liggins,Mississippi,OG,75,315,4.92,,,,,
Jason,King,Purdue,OG,75,303,5.3,,,,,
Geoff,Gray,Manitoba,OG,77,315,5.34,,,,,
Zane,Gonzalez,Arizona State,K,72,202,4.91,,,,,
Jake,Elliott,Memphis,K,69,167,4.79,,,,,
Conrad,Ukropina,Stanford,K,72,190,4.92,,,,,
Rigoberto,Sanchez,Hawaii,K,72,193,4.97,,,,,
Adam,Griffith,Alabama,K,70,183,4.87,,,,,
Matt,Davis,North Carolina-Pembroke,K,72,197,4.94,,,,,
YoungHoe,Koo,Georgia Southern,K,69,182,4.87,,,,,
Bobby,Puyol,Connecticut,K,69,180,4.94,,,,,
Andy,Phillips,Utah,K,70,214,5.12,,,,,
Harrison,Butker,Georgia Tech,K,76,199,4.93,,,,,
Nick,Weiler,North Carolina,K,71,196,4.94,,,,,
Chris,Blewitt,Pittsburgh,K,69,183,4.95,,,,,
Eric,Medina,Texas Southern,K,69,207,5.08,,,,,
Cameron,Van,Washington,K,70,177,4.84,,,,,
Ben,Grogan,Oklahoma State,K,72,184,4.83,,,,,
Tyler,Durbin,Ohio State,K,75,200,4.93,,,,,
Elliott,Fry,South Carolina,K,72,172,4.84,,,,,
Jonathan,Gonzales,Portland State,K,73,199,5.08,,,,,
Jay,Mattox,Texas-El Paso,K,71,176,5.07,,,,,
Matt,Wogan,Oregon,K,73,207,5.05,,,,,
Ty,Cummings,Houston,K,70,183,4.87,,,,,
Henrique,Ribeiro,Chattanooga,K,72,232,5.25,,,,,
Colby,Delahoussaye,LSU,K,69,184,5.08,,,,,
Tyler,Rausa,Boise State,K,69,192,4.87,,,,,
Jack,Mitchell,Northwestern,K,73,218,5.06,,,,,
Matthew,Wyman,Kansas,K,74,206,5.08,,,,,
Nicolai,Bornand,UNLV,K,73,225,5.2,,,,,
Adam,McFain,Arkansas,K,71,184,4.92,,,,,
Lance,Geesey,Saint Francis (PA),K,67,184,4.94,,,,,
Brian,Eavey,Central Michigan,K,73,205,5.19,,,,,
James,DeMartini,Maine,K,70,212,5.15,,,,,
Hunter,Heck,West Georgia,K,69,182,5.12,,,,,
Chad,Levin,Pittsburg State,K,66,155,4.96,,,,,
J.D.,Houston,Arkansas State,K,70,174,4.94,,,,,
Neil,MacInnes,Florida,K,76,226,4.75,,,,,
William,Will,Dayton,K,72,193,5.08,,,,,
Connor,Haskins,North Carolina State,K,67,169,4.9,,,,,
Austin,Johnson,Southern Illinois,K,71,190,4.77,,,,,
Marc,Montana,Buffalo State,K,68,199,5.22,,,,,
Brandon,Behr,South Florida,K,70,185,4.93,,,,,
Stephen,Brauchle,Southern Miss,K,72,233,5.24,,,,,
Brandon,McLaren,North Carolina Central,K,68,170,5.08,,,,,
Ryan,McCrum,Southeast Missouri,K,72,228,,,,,,
Tyler,Blackburn,Northern Michigan,K,72,178,4.93,,,,,
Cameron,Marouf,Norfolk State,K,69,160,,,,,,
Connor,Mitchell,Murray State,K,73,200,5.06,,,,,
Jake,Antel,Mount Union,K,76,175,,,,,,
Chris,Moller,Morgan State,K,71,215,,,,,,
Henry,Darmstadter,Georgetown,K,68,180,,,,,,
John,Gallagher,Elon,K,71,214,,,,,,
Myles,Garrett,Texas AM,DE,76,272,4.64,33,41.0,127,,
Solomon,Thomas,Stanford,DE,75,273,4.69,30,35.0,125,,
Derek,Barnett,Tennessee,DE,75,259,4.88,,31.0,116,,
Taco,Charlton,Michigan,DE,78,277,4.92,25,33.0,115,,
Charles,Harris,Missouri,DE,75,253,4.82,21,33.0,109,,
Carl,Lawson,Auburn,DE,74,261,4.67,35,33.0,113,,
Jordan,Willis,Kansas State,DE,76,255,4.53,24,39.0,124,,
Tarell,Basham,Ohio,DE,76,269,4.7,15,31.5,117,,
Derek,Rivers,Youngstown State,DE,76,248,4.61,30,35.0,123,,
DeMarcus,Walker,Florida State,DE,76,280,4.88,18,,,,
Daeshon,Hall,Texas AM,DE,77,266,4.76,18,36.0,123,,
Tanoh,Kpassagnon,Villanova,DE,79,289,4.83,23,30.0,127,,
Trey,Hendrickson,Florida Atlantic,DE,76,266,4.65,,33.5,122,,
Deatrich,Wise,Arkansas,DE,77,274,4.92,22,33.0,124,,
Dawuane,Smoot,Illinois,DE,75,264,4.77,,29.5,116,,
Joe,Mathis,Washington,DE,74,266,4.86,24,,,,
Hunter,Dimick,Utah,DE,75,268,4.75,,,,,
Bryan,Cox,Florida,DE,75,265,4.89,16,26.5,109,,
Keionta,Davis,Chattanooga,DE,75,271,4.72,,,,,
Keion,Adams,Western Michigan,DE,74,247,4.7,,,,,
Josh,Carraway,Texas Christian,DE,75,242,4.74,25,29.5,120,,
Garrett,Sickels,Penn State,DE,75,261,4.9,20,28.0,104,,
Avery,Moss,Youngstown State,DE,75,264,4.79,14,32.5,113,,
Darius,English,South Carolina,DE,77,248,4.84,,,,,
Isaac,Rochell,Notre Dame,DE,76,280,4.89,25,31.5,113,,
Ifeadi,Odenigbo,Northwestern,DE,75,258,4.72,25,31.5,127,,
Noble,Nwachukwu,West Virginia,DE,73,268,4.83,27,30.5,110,,
Evan,Schwan,Penn State,DE,77,261,4.68,,,,,
Lewis,Neal,LSU,DE,72,261,4.75,,,,,
Fadol,Brown,Mississippi,DE,76,273,4.94,19,34.0,114,,
Johnathan,Calvin,Mississippi State,DE,75,266,4.89,,,,,
Al-Quadin,Muhammad,Miami (FL),DE,75,253,4.88,22,30.5,116,,
Pat,OConnor,Eastern Michigan,DE,76,276,4.84,,,,,
Ken,Ekanem,Virginia Tech,DE,75,257,4.88,,30.5,114,,
Josh,Banks,Wake Forest,DE,75,278,4.9,,,,,
Cameron,Malveaux,Houston,DE,77,273,4.77,,,,,
Karter,Schult,Northern Iowa,DE,75,258,4.93,,,,,
A.J.,Wolf,Duke,DE,75,280,5.02,,,,,
Collin,Bevins,Northwest Missouri State,DE,77,272,5.01,,,,,
Chris,Odom,Arkansas State,DE,76,262,4.83,,,,,
Praise,Martin-Oguike,Temple,DE,72,258,4.88,,,,,
Alex,Barrett,San Diego State,DE,74,252,4.97,,,,,
Corey,Vereen,Tennessee,DE,73,254,4.92,,,,,
Gary,Thompson,Marshall,DE,72,269,4.74,,,,,
Chris,Casher,Faulkner,DE,76,264,4.88,,,,,
Cass,Weitl,Northwest Missouri State,DE,76,266,4.9,,,,,
Mikey,Bart,North Carolina,DE,75,267,4.84,,,,,
Terrence,Waugh,Kent State,DE,73,235,4.93,,,,,
Sydney,Omameh,Grand Valley State,DE,74,236,4.6,,,,,
Caleb,Kidder,Montana,DE,76,269,4.97,,,,,
Jonathan,Allen,Alabama,DT,75,286,5.0,21,30.0,108,,
Malik,McDowell,Michigan State,DT,78,295,4.85,23,28.5,111,,
Chris,Wormley,Michigan,DT,77,298,4.86,23,,,,
Larry,Ogunjobi,Charlotte,DT,75,305,4.97,26,32.0,115,,
Dalvin,Tomlinson,Alabama,DT,75,310,5.19,,27.0,110,,
Montravius,Adams,Auburn,DT,76,304,4.87,22,29.0,108,,
Jaleel,Johnson,Iowa,DT,75,316,5.25,19,28.0,99,,
Nazair,Jones,North Carolina,DT,77,304,5.11,,24.5,100,,
Davon,Godchaux,LSU,DT,75,310,5.27,18,,,,
Caleb,Brantley,Florida,DT,75,307,5.14,21,27.0,104,,
Vincent,Taylor,Oklahoma State,DT,75,304,5.07,26,28.5,108,,
Carlos,Watkins,Clemson,DT,75,309,5.01,25,,,,
Eddie,Vanderdoes,UCLA,DT,75,305,4.99,28,28.5,111,,
Elijah,Qualls,Washington,DT,73,313,5.13,33,31.5,104,,
Ryan,Glasgow,Michigan,DT,75,302,5.13,20,27.5,104,,
Tanzel,Smart,Tulane,DT,73,296,5.24,22,27.0,104,,
Jarron,Jones,Notre Dame,DT,78,316,5.33,22,20.5,,,
Jeremiah,Ledbetter,Arkansas,DT,75,280,4.84,29,32.5,112,,
Grover,Stewart,Albany State,DT,76,347,5.14,,,,,
D.J.,Jones,Mississippi,DT,73,319,5.04,25,28.5,108,,
Stevie,Tuikolovatu,Southern California,DT,73,331,5.45,28,24.5,90,,
Charles,Walker,Oklahoma,DT,74,310,4.96,25,28.0,105,,
Dylan,Bradley,Southern Miss,DT,73,286,5.0,,,,,
Treyvon,Hester,Toledo,DT,74,300,5.09,,,,,
DeAngelo,Brown,Louisville,DT,72,312,5.59,,,,,
Josh,Tupou,Colorado,DT,75,353,5.35,,,,,
Woody,Baron,Virginia Tech,DT,73,275,4.92,,,,,
Matthew,Godin,Michigan,DT,77,295,5.13,,,,,
Winston,Craig,Richmond,DT,75,288,5.02,,,,,
Patrick,Ricard,Maine,DT,75,300,5.03,,,,,
Jordan,Carrell,Colorado,DT,74,290,4.98,,,,,
Rashaad,Coward,Old Dominion,DT,77,322,5.17,,,,,
Jeremy,Faulk,Garden City CC,DT,74,304,5.03,,,,,
Jordan,Wade,Oklahoma,DT,76,319,5.13,,,,,
Josh,Augusta,Missouri,DT,76,347,5.19,,,,,
Patrick,Gamble,Georgia Tech,DT,76,277,4.96,,,,,
Chunky,Clements,Illinois,DT,74,301,5.12,23,,,,
Joey,Ivie,Florida,DT,75,298,5.14,,,,,
Eli,Ankou,UCLA,DT,75,331,5.21,,,,,
Darrien,Howard,West Virginia,DT,72,299,4.96,,,,,
Aaron,Curry,Texas Christian,DT,73,280,4.93,,,,,
Roderick,Henderson,Alabama State,DT,72,339,5.28,,,,,
Pasoni,Tasini,Utah,DT,75,307,5.06,,,,,
Travis,Tuiloma,Brigham Young,DT,74,301,5.07,,,,,
Christian,Brown,West Virginia,DT,74,303,5.39,,,,,
Casey,Sayles,Ohio,DT,76,289,4.99,,,,,
Eddie,Vinson,Emporia State,DT,74,285,5.08,,,,,
Ralph,Green,Indiana,DT,76,318,5.68,,,,,
Francis,Kallon,Georgia Tech,DT,77,295,5.0,,,,,
Harold,Brantley,Northwest Missouri State,DT,74,273,5.1,,,,,
Reuben,Foster,Alabama,ILB,72,229,4.72,,,,,
Jarrad,Davis,Florida,ILB,73,238,4.62,,,,,
Raekwon,McMillan,Ohio State,ILB,74,240,4.61,23,33.0,121,,
Anthony,Walker,Northwestern,ILB,73,238,4.65,23,30.5,115,,
Kendell,Beckwith,LSU,ILB,74,243,4.82,20,,,,
Ben,Gedeon,Michigan,ILB,74,244,4.75,27,34.5,117,,
Blair,Brown,Ohio,ILB,71,238,4.65,,37.0,123,,
Connor,Harris,Lindenwood,ILB,71,242,4.73,18,32.0,113,,
Tanner,Vallejo,Boise State,ILB,73,228,4.67,,33.5,121,,
Hardy,Nickerson,Illinois,ILB,72,232,4.78,18,33.0,115,,
Ben,Boulware,Clemson,ILB,72,238,4.85,20,29.5,111,,
Riley,Bullough,Michigan State,ILB,74,226,4.73,20,31.5,115,,
Harvey,Langi,Brigham Young,ILB,74,251,4.66,23,33.0,116,,
Chase,Allen,Southern Illinois,ILB,75,241,4.6,,,,,
Kenneth,Olugbode,Colorado,ILB,73,222,4.79,,,,,
Trevon,Johnson,Weber State,ILB,72,227,4.55,,,,,
Kevin,Davis,Colorado State,ILB,74,235,4.91,11,30.5,110,,
Brooks,Ellis,Arkansas,ILB,74,240,4.79,18,29.5,114,,
Keith,Kelsey,Louisville,ILB,72,233,4.92,23,29.5,111,,
Charmeachealle,Moore,Kansas State,ILB,71,229,4.63,,,,,
Keith,Brown,Western Kentucky,ILB,72,246,4.88,,,,,
Marcus,Oliver,Indiana,ILB,73,240,4.67,,,,,
Austin,Calitro,Villanova,ILB,72,239,4.67,,,,,
Rodney,Butler,New Mexico State,ILB,72,230,4.76,,,,,
Tim,Kimbrough,Georgia,ILB,71,234,4.76,,,,,
Gage,Steele,James Madison,ILB,73,236,4.81,,,,,
Tau,Lotulelei,UNLV,ILB,72,229,4.83,,,,,
Nyeem,Wartman-White,Penn State,ILB,73,245,4.78,,,,,
Andrew,King,Army,ILB,71,228,4.78,,,,,
P.J.,Davis,Georgia Tech,ILB,69,232,4.63,,,,,
Cody,Heiman,Washburn,ILB,73,229,4.63,,,,,
Shaan,Washington,Texas AM,ILB,75,240,4.82,,,,,
Christian,Tago,San Jose State,ILB,72,237,4.78,,,,,
Folarin,Orimolade,Dartmouth,ILB,71,239,4.92,,,,,
Josh,Banderas,Nebraska,ILB,75,240,4.79,,,,,
Michael,Scherer,Missouri,ILB,74,231,4.82,,,,,
T.J.,Neal,Auburn,ILB,72,236,4.79,,,,,
Tyke,Kozeal,Nebraska-Kearney,ILB,70,232,4.79,,,,,
Aiavion,Edwards,Baylor,ILB,72,224,4.68,,,,,
John,Law,Appalachian State,ILB,71,232,4.75,,,,,
Rommel,Mageo,Mississippi,ILB,73,222,4.82,,,,,
Omar,Howard,Richmond,ILB,72,234,4.73,,,,,
Christophe,Mulumba,Maine,ILB,72,237,4.85,,,,,
Isaako,Savaiinaea,UCLA,ILB,73,241,4.8,,,,,
T.J.,Holloman,South Carolina,ILB,74,232,4.9,,,,,
Jordan,Herdman,Simon Fraser,ILB,71,238,5.03,,,,,
Ben,Weaver,Boise State,ILB,72,228,4.83,,,,,
Chris,Brockman,Colorado Mines,ILB,70,219,4.76,,,,,
Allen,Holman,Shippensburg,ILB,72,231,4.78,,,,,
Noor,Davis,Stanford,ILB,76,241,4.85,,,,,
Haason,Reddick,Temple,OLB,73,237,4.52,24,36.5,133,,
T.J.,Watt,Wisconsin,OLB,76,252,4.69,21,37.0,127,,
Takkarist,McKinley,UCLA,OLB,74,250,4.59,24,33.0,122,,
Zach,Cunningham,Vanderbilt,OLB,75,234,4.67,15,35.0,124,,
Tyus,Bowser,Houston,OLB,75,247,4.65,21,37.5,126,,
Tim,Williams,Alabama,OLB,75,244,4.68,,33.5,123,,
Duke,Riley,LSU,OLB,72,232,4.58,18,34.5,122,,
Ryan,Anderson,Alabama,OLB,74,253,4.78,,,,,
Alex,Anzalone,Florida,OLB,75,241,4.63,16,30.5,115,,
Jayon,Brown,UCLA,OLB,72,231,4.7,17,31.5,120,,
Vince,Biegel,Wisconsin,OLB,75,246,4.67,21,33.5,116,,
Carroll,Phillips,Illinois,OLB,75,242,4.64,23,30.0,123,,
Marquel,Lee,Wake Forest,OLB,75,240,4.78,25,31.0,116,,
Jordan,Evans,Oklahoma,OLB,75,232,4.51,,,,,
Dylan,Cole,Missouri State,OLB,72,239,4.54,,,,,
Matt,Milano,Boston College,OLB,72,223,4.67,24,35.0,125,,
Samson,Ebukam,Eastern Washington,OLB,74,240,4.5,,,,,
Ejuan,Price,Pittsburgh,OLB,71,241,4.84,20,31.5,116,,
Dylan,Donahue,West Georgia,OLB,75,248,4.75,26,29.5,115,,
Elijah,Lee,Kansas State,OLB,74,229,4.72,,,,,
Eric,Wilson,Cincinnati,OLB,73,230,4.53,,,,,
Devonte,Fields,Louisville,OLB,74,236,4.72,,34.0,123,,
Jalen,Reeves-Maybin,Tennessee,OLB,72,230,4.68,,,,,
Brandon,Bell,Penn State,OLB,73,233,4.7,,,,,
Javancy,Jones,Jackson State,OLB,73,239,4.83,,,,,
Calvin,Munson,San Diego State,OLB,73,241,4.79,,,,,
Richie,Brown,Mississippi State,OLB,74,237,4.63,,,,,
Joseph,Jones,Northwestern,OLB,72,231,4.5,,,,,
Pita,Taumoepenu,Utah,OLB,73,243,4.67,24,28.5,111,,
Sae,Tautu,Brigham Young,OLB,74,238,4.61,,,,,
Alex,Scearce,Coastal Carolina,OLB,75,235,4.61,,,,,
Kennan,Gilchrist,Appalachian State,OLB,73,230,4.62,,,,,
James,Onwualu,Notre Dame,OLB,73,228,4.76,,,,,
Lucas,Wacha,Wyoming,OLB,73,225,4.58,,,,,
Paul,Magloire,Arizona,OLB,72,225,4.77,,,,,
Steven,Taylor,Houston,OLB,72,228,4.87,,,,,
Jimmie,Gilbert,Colorado,OLB,76,231,4.68,,,,,
David,Talley,Grand Valley State,OLB,73,236,4.51,,,,,
Johnny,Ragin,Oregon,OLB,74,229,4.76,,,,,
Jameer,Thurman,Indiana State,OLB,72,225,4.59,,,,,
Alex,Armah,West Georgia,OLB,72,244,4.7,,,,,
Deon,Hollins,UCLA,OLB,72,234,4.63,,,,,
Ukeme,Eligwe,Georgia Southern,OLB,74,234,4.58,,,,,
Chad,Geter,Gardner-Webb,OLB,73,234,4.78,,,,,
B.J.,Bello,Illinois State,OLB,74,228,4.56,,,,,
Jordan,Burton,Oklahoma State,OLB,73,217,4.67,,,,,
Christian,Kuntz,Duquesne,OLB,73,232,4.81,,,,,
Otha,Peters,Louisiana,OLB,72,238,4.78,,,,,
Bam,Bradley,Pittsburgh,OLB,72,230,4.54,,,,,
Donavin,Newsom,Missouri,OLB,73,237,4.54,,,,,
Marshon,Lattimore,Ohio State,CB,72,193,4.36,,38.5,132,,
Gareon,Conley,Ohio State,CB,72,195,4.44,11,37.0,128,4.18,6.68
Kevin,King,Washington,CB,75,200,4.43,11,39.5,,3.89,
Chidobe,Awuzie,Colorado,CB,72,202,4.43,16,34.5,132,4.14,6.81
Marlon,Humphrey,Alabama,CB,72,197,4.41,10,,124,,6.75
Adoree,Jackson,Southern California,CB,70,186,4.42,,36.0,122,,
TreDavious,White,LSU,CB,71,192,4.47,16,32.0,117,4.32,6.9
Quincy,Wilson,Florida,CB,73,211,4.54,14,32.0,116,4.02,6.86
Fabian,Moreau,UCLA,CB,72,206,4.35,,38.0,135,4.12,6.94
Jourdan,Lewis,Michigan,CB,70,188,4.54,15,34.5,121,,
Cordrea,Tankersley,Clemson,CB,73,199,4.4,13,29.5,121,4.32,7.0
Teez,Tabor,Florida,CB,72,199,4.62,9,31.0,120,,
Sidney,Jones,Washington,CB,72,186,4.47,,33.5,123,4.28,7.02
Ahkello,Witherspoon,Colorado,CB,75,198,4.45,,40.5,126,4.13,6.93
Cameron,Sutton,Tennessee,CB,71,188,4.52,11,34.0,120,,6.81
Jalen,Myrick,Minnesota,CB,70,200,4.28,13,37.5,123,4.22,7.06
Shaquill,Griffin,Central Florida,CB,72,194,4.38,17,38.5,132,4.14,6.87
Howard,Wilson,Houston,CB,73,184,4.57,,33.5,117,3.94,6.68
Rasul,Douglas,West Virginia,CB,74,209,4.59,16,33.5,120,4.26,6.97
Corn,Elder,Miami (FL),CB,70,183,4.55,,,,,
Brian,Allen,Utah,CB,75,215,4.48,15,34.5,116,4.34,6.64
Damontae,Kazee,San Diego State,CB,70,184,4.54,11,34.0,123,,
Jeremy,Cutrer,Middle Tennessee,CB,73,167,4.52,,,,,
Brendan,Langley,Lamar (TX),CB,72,201,4.43,22,35.5,123,4.21,7.06
Brandon,Wilson,Houston,CB,70,198,4.4,,,,,
Channing,Stribling,Michigan,CB,73,188,4.6,5,31.5,113,4.56,6.94
Aarion,Penton,Missouri,CB,70,198,4.61,,,,,
Marquez,White,Florida State,CB,72,194,4.59,,36.0,123,,
Jeremy,Clark,Michigan,CB,75,221,4.59,20,,,,
Nate,Hairston,Temple,CB,72,196,4.52,14,35.5,116,,
Ezra,Robinson,Tennessee State,CB,71,189,4.47,13,34.0,128,,
William,Likely,Maryland,CB,67,180,4.46,15,,,,
Ashton,Lampkin,Oklahoma State,CB,72,189,4.52,19,34.5,120,,
Treston,DeCoud,Oregon State,CB,74,206,4.62,11,31.0,115,,
Jamal,Agnew,San Diego,CB,69,186,4.34,,,,,
Derrick,Jones,Mississippi,CB,74,189,4.48,,,,,
Des,Lawrence,North Carolina,CB,72,187,4.55,,,,,
Michael,Davis,Brigham Young,CB,74,190,4.4,,,,,
Xavier,Coleman,Portland State,CB,71,189,4.5,,,,,
Jack,Tocho,North Carolina State,CB,72,202,4.54,21,35.0,124,,
Sojourn,Shelton,Wisconsin,CB,69,177,4.51,10,35.0,120,4.02,6.92
Joshua,Holsey,Auburn,CB,70,190,4.48,,,,,
D.J.,Killings,Central Florida,CB,70,187,4.48,,,,,
Torry,McTyer,UNLV,CB,71,178,4.41,,,,,
Tony,Bridges,Mississippi,CB,72,188,4.58,,,,,
Ryan,Lewis,Pittsburgh,CB,71,192,4.37,,,,,
Josh,Thornton,Southern Utah,CB,71,181,4.42,,,,,
Najee,Murray,Kent State,CB,69,182,4.54,,,,,
Arthur,Maulet,Memphis,CB,70,189,4.62,18,34.5,120,,
Greg,Mabin,Iowa,CB,73,200,4.54,,,,,
Malik,Hooker,Ohio State,FS,73,206,4.47,,,,,
Budda,Baker,Washington,FS,70,195,4.45,15,32.5,114,4.08,6.76
Marcus,Williams,Utah,FS,73,202,4.56,14,43.5,128,4.2,6.85
Marcus,Maye,Florida,FS,72,207,4.47,,,,,
Desmond,King,Iowa,FS,70,201,4.6,14,34.0,116,4.18,6.67
Delano,Hill,Michigan,FS,73,216,4.47,17,33.5,114,4.27,6.96
John,Johnson,Boston College,FS,73,205,4.54,14,37.0,117,4.18,6.72
Rayshawn,Jenkins,Miami (FL),FS,73,214,4.51,19,37.0,127,,
David,Jones,Richmond,FS,73,205,4.43,,,,,
Johnathan,Ford,Auburn,FS,71,205,4.4,20,,,,
Chuck,Clark,Virginia Tech,FS,72,208,4.54,16,34.0,122,4.07,6.85
Kai,Nacua,Brigham Young,FS,73,205,4.49,,,,,
Casey,DeAndrade,New Hampshire,FS,71,212,4.46,,,,,
Fish,Smithson,Kansas,FS,70,201,4.55,,,,,
Jason,Thompson,Utah,FS,73,210,4.45,,,,,
Michael,Tyson,Cincinnati,FS,73,204,4.56,17,33.0,116,,
Demetrious,Cox,Michigan State,FS,72,200,4.55,,,,,
Branden,Leston,Western Kentucky,FS,74,202,4.49,,,,,
Leon,McQuay,Southern California,FS,73,197,4.58,,,,,
Randall,Goforth,UCLA,FS,70,186,4.55,,,,,
Malik,Golden,Penn State,FS,72,201,4.5,,,,,
Rickey,Jefferson,LSU,FS,71,208,4.59,,,,,
Adrian,Colbert,Miami (FL),FS,72,200,4.49,,,,,
Charlie,Miller,Dartmouth,FS,72,190,4.47,,,,,
Deron,Washington,Pittsburg State,FS,72,215,4.43,,,,,
Khari,Vanderbilt,California,FS,73,193,4.61,,,,,
Jacques,Bryant,Florida AM,FS,71,206,4.42,,,,,
Dylan,Haines,Texas,FS,72,192,4.64,,,,,
Dominique,Green,North Carolina,FS,70,187,4.58,,,,,
Richie,Sampson,Coastal Carolina,FS,74,201,4.5,,,,,
Tellas,Jones,Arizona,FS,72,192,4.62,,,,,
Jordan,Bowman,California (PA),FS,71,206,4.59,,,,,
Justin,Ferguson,Western Michigan,FS,73,202,4.59,,,,,
Terrence,Singleton,Prairie View AM,FS,70,201,4.53,,,,,
Kenny,Keys,UNLV,FS,76,200,4.74,,,,,
Devin,Centers,Utah State,FS,69,202,4.67,,,,,
Deondre,Singleton,Duke,FS,71,196,4.64,,,,,
Nate,L.,Temple,FS,71,182,4.68,,,,,
Tevin,Shaw,Kansas,FS,70,194,4.68,,,,,
Terrish,Webb,Pittsburgh,FS,71,190,4.55,,,,,
Marquez,Gollman,Grand Valley State,FS,70,186,4.61,,,,,
Daniel,Henry,New Mexico,FS,72,186,4.53,,,,,
Khary,Baily-Smith,Massachusetts,FS,73,200,4.66,,,,,
Connery,Swift,Toledo,FS,69,199,4.67,,,,,
A.J.,Leggett,West Georgia,FS,71,193,4.69,,,,,
Blake,McClain,Kentucky,FS,71,193,4.59,,,,,
Aaron,Peak,Butler County CC,FS,69,193,4.6,,,,,
Chaz,Elder,South Carolina,FS,74,205,4.64,,,,,
Reggie,Mitchell,Pittsburgh,FS,71,188,4.67,,,,,
Jihaad,Pretlow,Fordham,FS,70,200,4.67,,,,,
Jamal,Adams,LSU,SS,72,214,4.56,18,31.5,120,4.13,6.96
Jabrill,Peppers,Michigan,SS,71,213,4.46,19,35.5,127,,
Josh,Jones,North Carolina State,SS,73,220,4.41,20,37.5,132,,
Obi,Melifonwu,Connecticut,SS,76,224,4.4,17,44.0,140,,
Eddie,Jackson,Alabama,SS,72,201,4.53,10,,,,
Justin,Evans,Texas AM,SS,72,199,4.6,14,,,,
Xavier,Woods,Louisiana Tech,SS,71,197,4.54,19,33.5,122,4.13,6.72
Tedric,Thompson,Colorado,SS,72,204,4.6,17,32.5,116,4.36,7.11
Jadar,Johnson,Clemson,SS,72,206,4.6,19,33.0,117,4.2,6.9
Lorenzo,Jerome,Saint Francis (PA),SS,70,204,4.7,11,,,4.68,7.63
Montae,Nicholson,Michigan State,SS,74,212,4.42,,35.0,124,,
Dallas,Lloyd,Stanford,SS,73,207,4.67,,,,,
Josh,Harvey-Clemons,Louisville,SS,76,217,4.76,12,31.5,121,,
Shalom,Luani,Washington State,SS,71,202,4.55,12,31.0,115,4.21,6.87
Dymonte,Thomas,Michigan,SS,71,194,4.5,,,,,
Nate,Gerry,Nebraska,SS,74,218,4.58,17,30.5,122,,
Damarius,Travis,Minnesota,SS,73,206,4.65,13,32.5,114,4.28,7.08
Jordan,Sterns,Oklahoma State,SS,71,198,4.67,,,,,
Donald,Payne,Stetson,SS,72,217,4.55,,,,,
Ahmad,Thomas,Oklahoma,SS,72,214,4.68,,,,,
Dante,Barnett,Kansas State,SS,72,192,4.67,,,,,
Jamal,Carter,Miami (FL),SS,73,218,4.64,19,35.0,122,,
Quincy,Mauger,Georgia,SS,72,208,4.6,,,,,
DNerius,Antoine,Southern Miss,SS,71,222,4.62,,,,,
Leo,Musso,Wisconsin,SS,69,189,4.59,,,,,
Dorian,Williams,Princeton,SS,70,203,4.66,,,,,
Maurice,Smith,Georgia,SS,72,194,4.63,,,,,
Ironhead,Gallon,Georgia Southern,SS,69,204,4.57,,,,,
Orion,Stewart,Baylor,SS,72,203,4.58,,,,,
Weston,Steelhammer,Air Force,SS,73,197,4.77,,,,,
Tony,Annese,Central Michigan,SS,72,226,4.64,,,,,
Marcus,McWilson,Kentucky,SS,72,198,4.57,,,,,
Corbin,McCarthy,Duke,SS,69,206,4.41,,,,,
Drico,Johnson,Central Florida,SS,73,200,4.6,,,,,
Viliami,Moeakiola,Arizona State,SS,72,210,4.57,,,,,
Damariay,Drew,California,SS,71,205,4.6,,,,,
DeJuan,Rogers,Toledo,SS,72,194,4.7,,,,,
Malik,Smith,San Diego State,SS,72,195,4.58,,,,,
Nicholas,Morrow,Greenville,SS,72,216,4.52,,,,,
Derrick,Moncrief,Oklahoma State,SS,74,215,4.55,,,,,
Zach,Edwards,Cincinnati,SS,71,203,4.76,,,,,
Denzel,Johnson,Texas Christian,SS,72,198,4.67,,,,,
Tony,Conner,Mississippi,SS,72,214,4.74,,,,,
Chanceller,James,Boise State,SS,74,215,4.61,,,,,
Kivon,Coman,Mississippi State,SS,72,209,4.54,,,,,
Hatari,Byrd,Texas AM-Commerce,SS,72,207,4.66,,,,,
Reggie,Daniels,Oregon,SS,72,201,4.59,,,,,
Chris,Humes,Arkansas State,SS,72,201,4.56,,,,,
Martez,Hester,Ball State,SS,73,210,4.57,,,,,
Anthony,Cioffi,Rutgers,SS,71,205,4.55,,,,,
Austin,Rehkow,Idaho,P,75,214,4.84,,,,,
Justin,Vogel,Miami (FL),P,76,219,4.7,,34.0,,,
Kenny,Allen,Michigan,P,75,218,4.98,,,,,
Cameron,Johnston,Ohio State,P,71,194,4.92,,,,,
Miles,Bergner,South Dakota,P,72,235,5.2,,,,,
Hayden,Hunt,Colorado State,P,72,212,5.09,,,,,
Toby,Baker,Arkansas,P,75,210,5.0,,,,,
Nicholas,Conte,Virginia,P,74,225,5.08,,,,,
Chris,Fraser,Cornell,P,73,209,5.12,,,,,
Eric,Keena,North Texas,P,73,170,4.87,,,,,
Dalton,Schomp,Florida Atlantic,P,73,206,4.96,,,,,
Alex,Boy,Nevada,P,75,221,5.02,,,,,
Tate,Lewis,Southern Utah,P,78,230,5.27,,,,,
Christian,Faber-Kinney,Hampton,P,73,205,4.95,,,,,
Dalton,Parks,Tulsa,P,75,209,4.94,,,,,
Worth,Gregory,East Carolina,P,75,204,5.05,,,,,
Caleb,Houston,Central Florida,P,73,239,5.26,,,,,
Andy,Teasdall,Clemson,P,71,188,4.9,,,,,
Brandon,McKee,South Alabama,P,73,194,4.96,,,,,
Colby,Wadman,California-Davis,P,73,204,4.94,,,,,
Matt,Haack,Arizona State,P,72,202,4.57,,,,,
Hunter,Windmuller,William & Mary,P,75,181,4.91,,,,,
Lumi,Kaba,Texas State,P,73,189,4.97,,,,,
Bentlee,Critcher,Appalachian State,P,71,196,4.97,,,,,
Sean,Wale,Boise State,P,74,194,4.93,,,,,
Ron,Coluzzi,Iowa,P,71,195,4.89,,,,,
Ethan,Wood,Wyoming,P,74,174,4.86,,,,,
Kevin,Phillips,Auburn,P,72,185,4.96,,,,,
Ryan,Rodwell,Georgia Tech,P,73,202,5.06,,,,,
Tyler,Sarrazin,Southern Miss,P,76,210,4.97,,,,,
Tanner,Blain,San Diego State,P,72,196,5.04,,,,,
Adam,Searl,UCLA,P,72,200,5.07,,,,,
Ryan,Frain,Illinois,P,73,224,4.99,,,,,
Will,Stephenson,Delaware,P,74,200,4.98,,,,,
Gunnar,Kane,James Madison,P,73,218,5.16,,,,,
Nick,Ellis,Toledo,P,69,185,4.94,,,,,
Ryan,Kay,Troy,P,73,225,5.24,,,,,
Dylan,Kegans,Northern Arizona,P,73,200,4.86,,,,,
Zach,Smith,Chadron State,P,70,222,5.2,,,,,
Evan,Stahl,Millersville,P,72,198,5.08,,,,,
Alex,Knight,Southeast Missouri,P,73,199,,,,,,
Lawrence,Forbes,Morgan State,P,75,190,,,,,,
Ryan,VanGoethem,Michigan Tech,P,72,225,5.22,,,,,
Dayton,Balvanz,Louisiana-Monroe,P,77,200,4.97,,,,,
Harry,McCollum,Georgetown,P,73,195,,,,,,
Trevor,Bermingham,Ferris State,P,74,205,4.97,,,,,
David,Petroni,Elon,P,72,200,4.94,,,,,
Cameron,Nizialek,Columbia,P,74,206,,,,,,
Ken,Kester,Colorado State-Pueblo,P,73,233,,,,,,
Austin,Kilcullen,Abilene Christian,P,75,215,,,,,,
